﻿{"cameraMode":{"drawMode":0,"name":"Shaded","section":"Shading Mode"},"sceneLighting":true,"audioPlay":false,"sceneViewState":{"m_AlwaysRefresh":false,"showFog":true,"showSkybox":true,"showFlares":true,"showImageEffects":true,"showParticleSystems":true,"showVisualEffectGraphs":true,"m_FxEnabled":true},"in2DMode":false,"pivot":{"x":-7.462202548980713,"y":1.4451576471328736,"z":4.093221664428711},"rotation":{"x":0.0013755823019891978,"y":0.9969139099121094,"z":-0.07641304284334183,"w":0.017946381121873857},"size":12.00944709777832,"orthographic":false}