﻿{"cameraMode":{"drawMode":0,"name":"Shaded","section":"Shading Mode"},"sceneLighting":true,"audioPlay":false,"sceneViewState":{"m_AlwaysRefresh":false,"showFog":true,"showSkybox":true,"showFlares":true,"showImageEffects":true,"showParticleSystems":true,"showVisualEffectGraphs":true,"m_FxEnabled":true},"in2DMode":false,"pivot":{"x":-6.995063781738281,"y":3.827739715576172,"z":-0.5781173706054688},"rotation":{"x":-0.1286693662405014,"y":-0.6296358108520508,"z":0.10679200291633606,"w":-0.7586983442306519},"size":25.472339630126954,"orthographic":false}